<keymap version="1" name="Default copy" parent="Default for XWin">
  <action id="CommentByBlockComment" />
  <action id="CommentByLineComment">
    <keyboard-shortcut first-keystroke="ctrl 7" />
  </action>
  <action id="GotoBookmark7" />
  <action id="OpenDirectoryProject">
    <keyboard-shortcut first-keystroke="shift ctrl r" />
  </action>
  <action id="Replace" />
  <action id="ReplaceInPath" />
  <action id="ShowFilePath">
    <keyboard-shortcut first-keystroke="ctrl r" />
  </action>
</keymap>