<application>
  <component name="FindSettings">
    <option name="customScope" value="All Places" />
    <option name="defaultScopeName" value="All Places" />
    <option name="localCaseSensitive" value="true" />
    <option name="LOCAL_CASE_SENSITIVE_SEARCH" value="true" />
    <option name="SEARCH_SCOPE" value="All Places" />
    <mask>*.properties</mask>
    <mask>*.html</mask>
    <mask>*.jsp</mask>
    <mask>*.java</mask>
    <mask>*.as</mask>
    <mask>*.css</mask>
    <mask>*.mxml</mask>
    <mask>*.phtml, *.php</mask>
    <mask>*Controller.php</mask>
    <mask>Pa*</mask>
    <mask>*.utf8.php</mask>
    <mask>*.log</mask>
    <mask>*.js</mask>
    <mask>*.de_DE.utf8.php</mask>
    <mask>!*.sql</mask>
    <mask>*.xml</mask>
    <mask>*.sql</mask>
    <mask>*.phtml</mask>
    <mask>*.php</mask>
    <mask>*.twig</mask>
  </component>
</application>